Revista,Veces_en_top,Cuartil_JCR (pendiente)
Mathematical Problems in Engineering,8,
Materials,6,
Ceramics International,5,
Computers & Industrial Engineering,5,
Expert Systems with Applications,5,
International Journal of Systems Science,5,
Journal of the Franklin Institute,5,
Laser Physics,5,
Journal of Nanotechnology,4,
Materials Research Express,4,
Nanoscale,4,
Optical Engineering,4,
Optics & Laser Technology,4,
Revista Docentes 2 0,4,
Sensors,4,
ACS Applied Nano Materials,3,
Applied Surface Science,3,
Ciencia Latina Revista Científica Multidisciplinar,3,
Computers & Operations Research,3,
European Journal of Operational Research,3,
IEEE Access,3,
J. mechanical behavior of biomedical materials,3,
Journal of Computational and Applied Mathematics,3,
Journal of Materials Science Materials in Electronics,3,
Journal of Photochemistry and Photobiology A Chemistry,3,
Mathematics,3,
Nanoscale Research Letters,3,
Optics Communications,3,
Optics Letters,3,
Physica A Statistical Mechanics and its Applications,3,
Physical Chemistry Chemical Physics,3,
Transactions of the Institute of Measurement and Control,3,
Universe,3,
ACS Omega,2,
Advances in Computational Mathematics,2,
Applied Catalysis B: Environmental,2,
Applied Optics,2,
Applied Soft Computing,2,
Biomechanics and Modeling in Mechanobiology,2,
Computación y Sistemas,2,
Computational and Theoretical Chemistry,2,
Computer,2,
Energy systems,2,
Frontiers in Applied Mathematics and Statistics,2,
IEEE Photonics Technology Letters,2,
IEEE Transactions on Automatic Control,2,
IEEE Transactions on Cybernetics,2,
International Journal of Modern Physics A,2,
Journal of nano research,2,
Journal of Process Control,2,
MRS Communications,2,
New Journal of Chemistry,2,
Open Physics,2,
Particles,2,
Photonic Network Communications,2,
Physical review. D,2,
Physics of Particles and Nuclei,2,
Quality and Reliability Engineering International,2,
Research in Computing Science,2,
Revista Mexicana de Física,2,
Surfaces and Interfaces,2,
The Journal of Chemical Physics,2,
The Journal of Physical Chemistry C,2,
ACS Applied Electronic Materials,1,
Advances in Applied Mathematics,1,
Advances in High Energy Physics,1,
Advances in Space Research,1,
American Journal of Educational Research,1,
Annals of Operations Research,1,
Applied Catalysis A General,1,
Applied Mathematics and Computation,1,
Applied Sciences,1,
Asian Journal of Control,1,
Astronomy and Astrophysics,1,
Atmosphere,1,
Automatica,1,
Beilstein Journal of Nanotechnology,1,
Biomacromolecules,1,
Bioorganic Chemistry,1,
Blood,1,
Boletín de la Sociedad Matemática Mexicana,1,
Bone,1,
British Journal for the History of Mathematics,1,
Cancer Research,1,
Ciencia UANL,1,
Circuits Systems and Signal Processing,1,
Coatings,1,
Computer Methods and Programs in Biomedicine,1,
Computer Networks,1,
Contextos Educativos,1,
Current Opinion in Ophthalmology,1,
Current Topics in Medicinal Chemistry,1,
Cybernetics & Systems,1,
Dilemas contemporáneos Educación Política y Valores,1,
Discrete Mathematics Algorithms and Applications,1,
Drug Metabolism and Personalized Therapy,1,
DYNA,1,
Earth Science Informatics,1,
Educación Química,1,
Electrochem,1,
Electrochimica Acta,1,
Environmental Research,1,
European Journal of Internal Medicine,1,
European Physical Journal A,1,
Eye & Contact Lens,1,
Faraday Discussions,1,
Frontiers in Genetics,1,
Gerencia de riesgos y seguros,1,
Horizontes Revista de Investigación,1,
Horizontes Revista de Investigación en Ciencias de la Educación,1,
IEEE Transactions on Fuzzy Systems,1,
IEEE Transactions on Industrial Electronics,1,
IEEE/CAA Journal of Automatica Sinica,1,
Ingenierias,1,
Ingeniería e Investigación,1,
Inorganics,1,
Instrumentation Science & Technology,1,
International Electronic Journal of Mathematics Education,1,
International Journal of Bank Marketing,1,
International Journal of Energy Research,1,
International Journal of Molecular Sciences,1,
International Transactions in Operational Research,1,
Journal of Applied Physics,1,
Journal of Chemical Information and Modeling,1,
Journal of Coordination Chemistry,1,
Journal of environmental chemical engineering,1,
Journal of Environmental Science and Health Part B,1,
Journal of Geophysical Research Space Physics,1,
Journal of Humanistic Mathematics,1,
Journal of Lightwave Technology,1,
Journal of materials research,1,
Journal of Materials Science,1,
Journal of Molecular Liquids,1,
Journal of Nanomedicine Research,1,
Journal of Nanoparticle Research,1,
Journal of Physics D Applied Physics,1,
Journal of Polymer Research,1,
Journal of Quality Technology,1,
Journal of Raman Spectroscopy,1,
Latin American journal of physics education,1,
Materials Letters,1,
Materials Today Communications,1,
Mathematics and Computers in Simulation,1,
Micromachines,1,
Microscopy and Microanalysis,1,
Mobile Networks and Applications,1,
Molecular Simulation,1,
Monthly Notices of the Royal Astronomical Society,1,
MRS Advances,1,
Multimedia Tools and Applications,1,
Nanomaterials,1,
Nanotechnology Reviews,1,
Neurocomputing,1,
Nonconvex optimization and its applications,1,
Omega,1,
Open Astronomy,1,
Operational Research,1,
Ophthalmic Research,1,
Optical Fiber Technology,1,
Optical Materials,1,
Optical Review,1,
Optics Express,1,
Optimal Control Applications and Methods,1,
Optimization,1,
Physica A,1,
Physica E,1,
Physical Review D,1,
Physical review. E,1,
Portugaliae electrochimica acta,1,
Procedia Computer Science,1,
Procedia Materials Science,1,
Quimica Hoy,1,
Recent Patents on Nanotechnology,1,
RELIEVE,1,
Research on Chemical Intermediates,1,
Resistances Journal of the Philosophy of History,1,
Revista AMIUTEM,1,
Revista Ciencia UANL,1,
Revista de Metalurgia,1,
Revista de orientacion educacional,1,
Revista Digital Palabra,1,
Revista ESPACIOS,1,
Revista Guillermo de Ockham,1,
Revista Iberoamericana de Educación,1,
Revista Integración,1,
Revista Lasallista de Investigación,1,
Revista Mexicana de Física E,1,
RIDE,1,
RSC Advances,1,
Sciencevolution,1,
Scientific Reports,1,
Socio-Economic Planning Sciences,1,
Solar Energy Materials and Solar Cells,1,
Solar Physics,1,
Space Weather,1,
Statistics Optimization & Information Computing,1,
Surface Review and Letters,1,
Symmetry,1,
Synthesis and Reactivity in Inorganic Chemistry,1,
Synthesis and Reactivity in Inorganic Metal-Organic and Nano-Metal Chemistry,1,
The Annals of Applied Probability,1,
The Astronomical Journal,1,
The Astrophysical Journal Letters,1,
The Journal of Physical Chemistry A,1,
The Ocular Surface,1,
Topology and its Applications,1,
Transportation Research Part B Methodological,1,
Transportmetrica A Transport Science,1,
Ultrasound in Obstetrics and Gynecology,1,
